id,temperature,vibration,humidity,pressure,energy_consumption
1,88.83,41.01,39.86,1.34,3.15
2,88.8,61.31,64.4,4.17,0.64
3,83.04,44.2,30.02,4.68,4.98
4,83.99,23.11,33.05,4,2.09
5,74.84,29.8,33.97,2.7,3.73
6,80.44,60.03,51.43,2.65,1.49
7,77.24,69.76,61.2,2.61,4.69
8,80.83,44.11,78.77,1.11,3.12
9,67.26,41.19,61.95,1.32,3.28
10,76.24,31.69,55.73,3.29,1.27
11,81.29,47.04,68.33,4.28,1.87
12,65.37,55.11,50.84,2.46,2.46
13,76.88,69.65,77.06,3.89,4.93
14,89.54,39.23,47.19,1.43,0.85
15,81.74,32.82,45.41,4.5,2.87
16,72.94,59.71,64.59,1.46,1.92
17,83.53,71.85,73.38,1.27,3.84
18,81.39,47.11,42.41,4.39,3.94
19,73.4,49.47,76.7,4.24,2.36
20,58.44,31.03,59.67,2.03,3.24
21,78.72,43.43,61.24,3.35,0.75
22,77.67,4.91,73.77,3.88,3.49
23,72.9,40.96,66.77,1.96,2.68
24,54.8,57.78,57.05,2.69,2.99
25,82.44,40.93,78.66,4.74,3.86
26,66.5,75.03,58.55,1.12,3.43
27,79.83,27.5,40.69,3.84,3.62
28,84.41,54.13,62.78,2.41,2.4
29,70.23,28.18,76.16,2.01,3.97
30,69.78,35.51,50.61,2.5,2.78
31,87.77,66.9,78.12,4.01,2.11
32,47.2,74.26,32.56,1.46,1.41
33,68.07,58.71,68.2,1.95,3.05
34,57.96,71.85,52.57,1.8,3.18
35,55.63,62.46,30.32,4.88,3.76
36,85.68,60.64,58.45,4.77,3
37,87.55,43.85,79.83,2.98,1.18
38,68.08,72.97,47.58,2.23,4.6
39,82.69,46.82,56.6,3.69,1.75
40,66.61,43.25,60.47,3.39,2.09
41,65.95,48.07,64.79,4.93,1.38
42,82.09,73.85,67.36,4.11,3.05
43,67.93,62.4,68.99,4,4.9
44,78.82,44.98,75.86,2.32,2.25
45,63.3,50.93,79.96,4.88,3.18
46,70.95,79,48.05,1.86,3.78
47,73.78,52.92,53.02,2.6,3.66
48,62.07,46.53,38.07,4.49,3.98
49,75.71,42.7,75.35,4.79,3.38
50,82.1,52.67,52.26,3.18,1.66
51,80.65,60.28,38.18,1.31,4.57
52,71.6,69.06,41.27,1.88,3.16
53,70.15,25.08,47.48,3.23,3.75
54,73.62,57.13,56.05,4.13,2.39
55,67.72,37.22,66.21,2.89,2.44
56,80.33,37.78,31.3,3.33,3.89
57,82.27,39.55,54.34,1.33,0.54
58,82.39,38.8,30.9,4.33,2.97
59,98.36,59.91,68.85,1.85,3.91
60,89.1,62.28,47.42,2.83,1.29
61,70.94,44.45,31.3,4.31,1.3
62,73.2,56.63,35.83,1.82,1.45
63,73.12,66.83,71.85,1.06,3.69
64,71.64,49.31,75.05,2.4,3.64
65,78.71,57.53,31.68,2.24,3.04
66,73.71,56.07,34.5,4.8,1.73
67,90.02,33.71,48.39,4.82,2.61
68,83.07,42.39,79.69,3.83,2.01
69,69.44,45.65,52.98,1.88,0.58
70,70.93,34.72,78.31,2.91,3.13
71,75.63,76.49,69.29,2.56,0.91
72,73.46,35.32,53.72,2.07,4.39
73,88.38,43.45,79.09,4.35,3.42
74,73.14,40.83,51.82,4.41,3.03
75,85.92,36.51,45.74,4.74,4.48
76,85.53,68.32,30.41,3.38,1.49
77,91.96,42.76,50.52,2.99,2.51
78,76.42,70.19,64.86,4.36,4.9
79,61.17,39.42,34.24,3.02,4.85
80,84.99,62.31,77.56,4.6,2.28
81,75.95,51.43,64.54,2.58,3.55
82,78.72,23.25,52.91,4.62,2.78
83,82.47,33.35,79.87,1.48,0.91
84,71.97,51.2,42.82,1.78,0.92
85,84.49,58.38,34.8,4.99,1.28
86,73.78,61.2,37.92,3.5,3.45
87,61.41,75.44,39.53,4.96,0.8
88,83.47,59.38,38.77,4.44,3.36
89,76.91,42.77,37.77,3.28,0.53
90,77.59,79.19,75.6,4.35,1.62
91,64.72,57,74.63,4.95,0.81
92,65.64,21.18,44.74,1.7,2.33
93,76.64,68.86,79.18,3.36,1.63
94,86.54,44.95,50,1.74,1.67
95,61.98,33.97,70.7,1.82,4.35
96,62.64,22.35,33.62,1.3,2.5
97,83.4,39.57,34.9,1.19,3.65
98,81.06,36.54,68.93,4.44,1.83
99,59.04,66.25,45.98,2.06,4.67
100,85.43,51.69,36.83,4.42,4.61
101,54.84,46.02,75.64,4.19,2.04
102,66.11,65.2,38.12,4.58,2.7
103,80.99,48.66,37.86,4.06,3.71
104,76.55,57.87,52.95,1.18,2.33
105,81.72,50.52,55.69,3.01,3.67
106,77.15,39.03,51.08,4.9,1.46
107,75.44,40.51,78.83,4.03,1.07
108,76.37,41.2,47.72,3.58,2.51
109,80.39,62.63,68.73,4.48,2.91
110,74.79,38.3,49.61,2.98,3.51
111,86.81,71.86,60.86,2.51,4.3
112,78.63,47.42,33.83,2.78,0.73
113,69.82,41.47,74.76,4.5,1.53
114,67.26,30.96,39.99,3.26,0.73
115,72.56,40.66,54.74,4.3,4.58
116,79.75,84.03,73.89,3.4,4.34
117,88.71,14.32,40.51,3.97,4.73
118,65.19,48.96,40.58,4.04,1.77
119,83.17,44.58,62.9,3.45,4.25
120,73.31,62.07,77.95,1.65,2.86
121,79.03,77.94,78.41,1.14,0.66
122,61.38,51.55,73.49,3.55,4.1
123,73.92,74.47,51.69,3.94,1.56
124,48.85,22.75,72.18,2.29,3.2
125,74.52,24.19,48.89,1.69,2.69
126,93.47,36.69,75.28,3.73,0.97
127,70.77,55.11,33.6,4.82,1.64
128,78.16,64.79,40.37,1.27,1.35
129,81.78,47.11,68.7,3.27,3.78
130,71.18,57.12,35.1,4.68,3.35
131,55,46.56,31.21,1.65,1.2
132,69.2,41.62,55.22,1.14,3.98
133,60.53,61.72,34.67,1.65,2.9
134,61.97,43.69,55.69,1.78,3.43
135,82.9,39.91,53.09,3.68,0.77
136,67.89,37.68,32.52,2.79,0.59
137,75.08,41.67,32.85,2.13,1.9
138,68.54,24.19,65.81,3.78,4.74
139,68.54,79.55,58.55,3.2,0.7
140,75.25,56.66,50.82,2.81,0.59
141,75.07,83.84,34.88,2.69,3.82
142,72.74,57.4,57.73,3.89,2.76
143,70.06,56.24,72.87,4.41,3.32
144,79.87,43.16,37.49,3.04,2.21
145,74.11,59.97,46.19,4.84,1.44
146,72.44,17.67,47.18,1.53,4.8
147,58.68,52.63,34.21,4.76,1.05
148,61.36,54.52,68.63,4.29,3.06
149,59.09,53.86,38.14,2.52,1.11
150,69.19,55.07,79.12,3.07,1.88
151,54.4,60.07,61.54,4.96,2.64
152,70.09,47.48,36.31,4.56,4.11
153,71.92,56.02,54.73,2.06,2.37
154,66.7,22.49,44.89,3.98,3.06
155,74.09,52.44,49.39,3.41,1.76
156,88.24,38.13,75.4,1.66,0.82
157,71.6,66.11,74.07,1.77,1.82
158,86.76,59.47,34.5,2.18,3.23
159,79.93,70.66,79.57,3.52,3.28
160,68.56,31.12,59.25,3.18,1.78
161,80.97,57.58,50.99,4.7,2.26
162,84.71,60.37,34.74,1.21,1.43
163,90.01,72.09,52.19,3.45,3.07
164,69.07,43.02,40.3,1.74,3.44
165,87.51,56.18,53.78,1.05,3.73
166,79.42,39.97,60.21,1.73,2.67
167,84.96,53.22,62.55,4.13,4.4
168,76.8,33.14,79.43,1.53,3.35
169,87.26,39.24,55.65,1.64,3.06
170,66.1,62.35,63.28,2.19,1.88
171,83.89,61.33,45.88,4.51,2.47
172,52.48,54.05,67.17,4.2,2.92
173,84.25,45.09,50.84,1.81,4.94
174,73.66,22.71,78.19,4.34,4.2
175,73.72,62.19,36.96,1.4,2.9
176,83.54,50,52.26,2.23,3.06
177,93.51,66.94,65.87,1.19,4.27
178,53.48,50.21,30.5,3.4,1.27
179,70.48,56.8,68.59,1.32,3.83
180,91.69,54.51,59.22,4.55,2.26
181,73.63,45.63,68.66,2.52,2.15
182,68.63,41.69,36.11,1.11,3.62
183,71.36,54.56,66.19,4.21,4.18
184,83.21,59.96,65.95,2.71,3.83
185,94.1,43.02,66.02,4.65,4.47
186,79.66,56.48,46.69,2.48,0.91
187,74.05,43.4,47.79,3.05,2.65
188,75.7,46.4,44.23,4.4,0.51
189,60.24,64.42,52.21,1.59,1.09
190,89.75,49.76,40.5,4.45,2.32
191,72.48,64.87,38.39,1.82,0.77
192,69.45,91.65,43.84,4.02,1.51
193,65.86,55.33,61.72,4.32,2.67
194,88.27,50.51,73.06,2.04,2.92
195,83.75,52.09,69.21,3.44,2.12
196,62.39,47.43,33.24,4.93,3.32
197,72.99,26.62,47.82,3.6,4.76
198,77.78,45.08,70.17,2.16,3.59
199,94.05,61.97,36.46,3.79,4.12
200,74.9,40.74,41.38,1.34,1.77
201,57.31,52.91,34.82,1.49,3.61
202,64.66,27.71,69.6,3.56,0.88
203,73.16,44.51,30.77,2.26,2.16
204,84.41,63.49,74.74,2.28,2.33
205,82.7,57.74,38.36,1.91,4.56
206,82.01,62.72,50.42,3.23,2.58
207,75.04,70.59,47.15,3.41,1.38
208,79.37,68.42,35.88,2.83,2.13
209,78.85,54.66,70.88,1.19,3.29
210,63.61,18.61,78.46,1.08,1.86
211,74.69,39.31,67.6,4.08,2.27
212,68.99,43.05,78.26,4.88,3.16
213,78.63,55.98,56.8,1.73,4.93
214,79.62,55.99,70.13,2.81,4.95
215,75.42,60.39,53.24,4.44,3.47
216,67.52,60.4,62.41,4.26,4.4
217,73.87,41.88,56.49,2.3,4.59
218,77.1,53.84,59.69,1.38,2.54
219,69.87,53.74,52.24,1.15,2.36
220,91.8,48.65,71.15,2.21,2.24
221,66.79,29.21,62.5,4.65,2.53
222,58.63,56.23,53.64,4.57,4.77
223,67.76,51.23,74.6,4.49,3.17
224,65.26,45.2,42.53,4.18,1.2
225,67.45,50.37,43.16,1.82,1.31
226,60.93,47.61,79.76,1.2,1.69
227,71.5,63.02,71.75,1.78,1.77
228,88.03,34.69,66.46,3.27,3.07
229,84.38,49.43,57.15,4.69,2.58
230,68.45,40.18,77.75,1.33,2.66
231,72.64,58.98,69.08,1.98,3.12
232,81.13,56.5,57.89,4.57,2.34
233,67.67,57.94,40.16,3.63,3.83
234,72.01,32.67,69.12,1.99,1.4
235,64.03,53.12,49.2,1.09,1.83
236,72.63,43.63,54.16,4.75,3.17
237,80.88,59.46,40.85,2.71,4.96
238,63.36,28.98,31.16,2.78,4.33
239,93.4,59.27,66.34,3.43,3.98
240,74.84,63.03,57.15,4.94,3.03
241,57.8,35.88,61.63,3.91,4.4
242,83.47,78.92,53.87,2.86,4.11
243,68.09,31.3,36.05,1.48,4.3
244,65.09,54.37,31.45,3.39,1.45
245,74.71,26.12,79.25,1.04,0.95
246,58.77,25.65,42.29,1.47,4.88
247,71.93,40.3,57.94,1.14,1.28
248,86.49,74.35,52.55,2.83,3.39
249,73.97,45.41,72.87,2.88,1.78
250,54.8,59.23,32,4.7,4.78
251,70.46,52.63,46.5,1.85,3.62
252,73.75,23.94,70.33,3.18,3.62
253,62.27,22.99,66.95,2.63,4.44
254,63.09,66.03,60.66,1.3,2.06
255,66.39,59.78,62.31,4.72,1.57
256,80.46,25.91,40.1,1.56,1.02
257,59.33,42.17,36.06,2.06,3.89
258,86.27,65.65,36.78,2.89,2.1
259,90.22,74.12,32.82,3.83,0.5
260,82.15,41.75,57.23,2.82,4.96
261,76.82,60.56,57.44,4.89,2.99
262,70.23,62.63,58.95,2.58,1.39
263,59.19,47.2,52.74,3.78,1.27
264,71.77,43.67,34.68,3.32,2.44
265,88.07,82.27,39.79,3.08,3.55
266,70.57,48.11,68.64,1.91,3.97
267,90.83,69.25,36.03,2.85,4.95
268,78.11,43.89,45.75,2.63,0.51
269,77.91,37.39,62.96,2.99,2.74
270,82.51,60.03,79.46,2.15,0.65
271,70,53.53,71.93,1.17,4.95
272,69.77,62.93,44.96,1.31,0.97
273,71.47,55.13,44.29,4.59,0.59
274,72.97,41.25,62.2,1.66,2.64
275,73.16,26.83,76.94,1.4,2.12
276,85.34,62.37,62.82,3.64,1.37
277,74.45,40.94,61.13,4.59,1.1
278,72.86,41.32,59.27,2.74,3.05
279,74.51,52.96,62.24,1.47,4.49
280,47.58,40.69,31.62,2.75,1.29
281,68.57,46.73,45.04,2.01,3.57
282,70.81,57.49,45.56,1.75,1.32
283,79.74,30.31,35.78,4.86,3.92
284,77.16,56.89,55.25,2.81,3.89
285,80.32,47.16,44.32,2.65,1.93
286,82.39,46.51,51.09,1.6,2.83
287,81.58,38.87,53.31,1.07,2.11
288,73.16,33.86,60.24,4.12,0.72
289,77.12,27.16,44.22,1.27,1.03
290,80.94,71.73,31.44,2.29,4.53
291,90.61,72.01,54.32,4.95,2.37
292,67.83,73.05,47.15,2.07,0.98
293,55.32,78.57,59.28,3.26,3.18
294,82.65,45.69,71.64,1.47,3.78
295,61.1,58.9,58.1,4.15,2.14
296,77.37,51.31,64.83,1.72,1.72
297,81.48,25.52,72.53,1.46,3.03
298,77.66,43.25,61.7,2.07,1.41
299,55.11,39.44,74.91,3.52,3.83
300,78.39,55,79.48,3.37,0.87
301,76.06,35.97,33.33,1.55,4.49
302,78.58,69.48,39.42,2.72,2.25
303,49.94,33.13,58.91,3.79,3.6
304,80.45,65.91,49.06,1.09,2.41
305,72.39,42.24,62.82,2.02,1.5
306,105.51,23.13,58.51,4.4,2.14
307,68.41,60.05,59.13,3.82,1.46
308,85.87,60.14,32.57,2.52,1.39
309,81.9,54.08,62.05,4.73,2.46
310,76.78,36.96,48.33,4.49,0.87
311,85.49,51.2,71.02,1.69,3.27
312,61.51,58.8,67.54,4.08,3.22
313,61.21,55.14,66.53,2.34,2.05
314,100.29,28.15,74.4,2.35,2.5
315,78.3,35.64,59.88,4.21,4
316,59.96,68.54,63.81,1.2,1.52
317,77.14,35.19,49.84,1.76,1.26
318,71.2,46.88,57.35,1.2,1.91
319,71.05,41.32,54.49,2.95,3.84
320,72.63,62.17,77.92,2.83,0.68
321,74.07,42.28,44.73,1.94,2.41
322,57.04,53.01,34.52,1.65,2.23
323,67.15,51.03,54.55,4.36,3.14
324,73.54,57.1,37.84,4.4,0.83
325,86.68,36.16,64.26,4.45,1.44
326,63.61,48.46,56.9,3.89,1.48
327,57.91,29.75,64.21,1.46,3.38
328,68.99,63.32,48.02,2.13,3.3
329,71.63,49.36,42.68,1.59,4.52
330,65.51,42.68,59.44,3.97,1.14
331,70.52,32.28,64.48,1.66,5
332,89.01,38.83,35.24,4.25,2.47
333,91.82,53.97,67.63,4.74,2
334,74.3,98.88,78.12,4.23,0.76
335,72.67,66.38,70.63,1.79,3.78
336,84.82,69.93,72.12,4.96,4.91
337,74.4,67.53,78.79,4.6,1.15
338,93.36,25.68,57.26,4.5,4.46
339,79.44,48.77,39.68,2.3,1.53
340,68.61,52.49,64.95,1.26,2.96
341,85.28,50.4,68.75,1.37,1.02
342,77.98,66.24,77.01,2.34,4.84
343,84.01,44.98,69.64,3.72,3.79
344,85.76,64.55,43.7,3.62,3.68
345,64.73,46.59,78.99,1.9,1.46
346,78.8,57.3,70.14,1.03,3.58
347,83.17,41.58,64.3,4.06,2.25
348,89.22,20.67,47.39,4.33,3.36
349,90.9,57.69,73.29,1.59,0.7
350,79.02,66.56,51.38,2.74,4.99
351,78.66,36.91,68.52,2.07,1.74
352,69.34,63.42,56.15,4.87,3.7
353,73.33,61.75,64.58,3.28,4.72
354,76.96,32.16,54.05,3.23,4.15
355,81.39,52.92,55.49,1.51,1.66
356,78.26,63.53,35.69,1.54,2.75
357,78.79,25.69,78.48,2.7,4.27
358,68.43,35.56,72.39,1.29,2.19
359,63.14,41.16,30.02,3.75,2.41
360,81.39,48.6,35.53,4.14,4.18
361,79.05,54.24,69.89,3.2,2.1
362,73.96,34.33,73.92,2.05,4.86
363,69.19,39.56,38.83,3.04,1.96
364,72.36,60.02,67.89,3.03,4.05
365,77.5,43.39,33.34,4.72,2.06
366,77.06,50.24,39.16,4.63,0.87
367,71.45,35.05,47.12,2.18,3.69
368,60.91,33.36,55.39,2.5,2.05
369,81.71,67.47,61.91,4.7,4.41
370,72.24,26.44,79.19,1.88,4.49
371,85.04,31.88,47.99,3.8,3.78
372,63.8,55.84,66.9,4.49,0.53
373,62.05,62.93,66.72,4.93,2.63
374,86.16,40.84,52.96,1.39,3.66
375,59.34,56.13,75.15,3.1,2.75
376,62.68,54.12,48.99,1.45,1.68
377,62.88,52.12,79.4,4.31,2.8
378,60.86,42.74,67.91,3.77,3.37
379,85.57,26.99,62.92,4.99,1.6
380,64.83,60.93,37.88,3.69,3.81
381,64.89,76.38,62.82,3.13,0.99
382,74.11,50.57,61.66,4.5,4.39
383,75.24,37.33,37.11,4.56,3.43
384,86.03,61.67,57.57,3.26,4.6
385,72.43,54.37,45.42,3.23,4.58
386,70.7,29.96,53.26,4.75,4.02
387,66.18,42.21,40.19,4.09,1.23
388,56.42,38.12,49.62,4.39,4.56
389,78.66,46.43,32.6,1.1,0.98
390,76.94,36.86,64.23,3.84,4.31
391,59.59,65.32,51.37,2.76,4.88
392,70.29,27.85,70.33,2.81,2.05
393,55.87,42.76,59.51,4.98,4.26
394,64.93,44.92,40.75,3.69,3.5
395,67.59,51.49,36.73,3.96,4.55
396,80.6,52.81,59.42,4.19,4.04
397,89.11,27.77,49.81,1.8,1.36
398,71.62,34.26,32.74,2.36,2.19
399,71.92,45.69,77.75,3.44,3.52
400,78.88,68.46,46.86,1.42,2.32
401,78.57,60.86,75.11,1.87,0.79
402,52.78,36.27,48.71,3.08,2.16
403,77.66,42.55,73.44,2.96,4.34
404,74.37,39.46,41.22,4.48,3.32
405,73,62.92,78.76,4.92,2.25
406,74.3,62.07,72.38,4.72,1.21
407,70.45,52.19,71.16,4.51,1.39
408,60.44,43.19,52.07,1.95,3.88
409,81.71,48.5,55.46,4.48,1.65
410,96.22,41.85,42.79,4.34,4.4
411,58.96,50.92,32.93,3.8,3.63
412,54.94,50.82,33.06,3.76,0.83
413,73.28,39.77,47.66,1.07,2.15
414,72.48,66.3,59.6,2.23,2.17
415,80.99,51.93,37.76,2.67,0.92
416,74.2,15.92,78.23,3.22,3.97
417,76.41,25.7,62.42,1.49,1.5
418,86.09,46.92,58.28,2.6,1.07
419,83,54.93,62.15,3.76,4.32
420,81.73,26.53,53.29,4.77,4.16
421,68.89,24.84,61.46,2.9,0.56
422,84.24,78.59,77.23,3.31,1.3
423,80.17,69.59,36.93,1.48,4.96
424,73.46,54.23,46.07,3.04,1.75
425,66.81,48.4,43.67,3.3,3.64
426,81.18,67.7,78.4,3.09,2.03
427,77.24,49.15,43.85,2.99,3.9
428,88.16,47.31,73.78,1.25,4.96
429,84.91,59.07,34.56,3.1,2.91
430,83.41,44.66,50.07,4.93,2.96
431,70.58,65.97,41.36,3.33,3.86
432,73.54,46.45,40.36,4.49,4.48
433,62.98,57.03,41.63,1.14,0.89
434,70.87,27.17,70.46,1.22,4.38
435,95.7,66.48,35.48,2.61,4.39
436,90.36,32.36,64.65,3.92,4.69
437,58.7,75.16,62.1,1.37,1.89
438,59.38,36.33,31.25,3.76,1.53
439,68.42,94.48,39.53,1.73,2.83
440,60.84,43.27,47.49,3.81,0.75
441,67.47,51.86,78.24,4.1,3.67
442,84.2,21.04,63.78,4.2,1.6
443,86.68,32.64,49.56,2.37,3.85
444,69.78,61.63,44.1,4.77,2.02
445,66.22,44.65,45.9,3.92,2.81
446,71.61,66.26,53.83,4.06,1.01
447,86.62,30.77,45.52,1.04,2.62
448,94.77,58.65,30.16,2.7,4.38
449,75.19,65.03,37.56,1.25,0.94
450,101.07,44.86,59.67,2.4,4.1
451,77.96,57.84,37.6,1.15,3.77
452,53.91,36.07,52.84,1.09,3.76
453,92.12,34.81,68.89,4.72,3.42
454,76.73,94.89,70.73,3.8,1.49
455,88.11,48.47,32.39,4.4,4.48
456,66.67,34.18,38.95,1.19,3.36
457,82.76,43.23,77.59,4.03,1.97
458,72.67,39.29,41.2,4.89,0.91
459,66.09,40.75,57.56,4.69,3.68
460,64.08,31.33,55.73,4.62,3.5
461,58.54,48.14,72.67,3.74,0.96
462,64.2,58.81,58.09,1.96,2.46
463,75.98,48.2,65.88,3.04,2.28
464,80.34,43.23,41.22,1.2,4.61
465,67,62.76,36.32,3.12,1.85
466,61.13,61.91,64.12,3.61,0.52
467,94.31,70.07,37.37,2.11,3.97
468,69.76,56.08,63.02,4.88,0.61
469,90.96,62.41,46.58,1.63,2.04
470,69.33,43.19,74.32,4.88,2.49
471,70.19,32.86,67.04,1.28,2.73
472,81.34,47.83,69.23,1.33,2.65
473,71.47,60.06,72.29,2.55,3.04
474,89.78,41.07,48.48,1.91,1.61
475,82.38,39.31,51.27,2.23,0.58
476,60.08,71.77,76.68,2.28,3.3
477,70.46,51.49,66.71,2.45,4.94
478,68.64,83.28,42.15,1.66,4.76
479,80.77,35.89,41.26,3.1,4.36
480,81.83,40.72,48.2,2.67,2.63
481,57.79,60.13,78.57,3.25,2.39
482,86.91,21.81,54.31,2.53,4.61
483,65.98,71.94,60.93,4.31,2.86
484,88.08,48.91,38.24,4.76,4.5
485,80.55,45.1,47.21,1.98,2.6
486,80.37,38.36,62.22,2.06,1.66
487,64.91,81.61,34.83,4.33,4.71
488,98.54,38.67,31,3.65,3.08
489,61.63,25.3,45.89,3.69,2.3
490,72.19,82.17,46.65,3.86,2.03
491,73.84,41.73,55.91,2.84,4.71
492,59.38,45.54,60.48,4.42,0.84
493,85.84,75.35,61.82,1.57,2.93
494,87.35,40.11,65.33,1.65,3.62
495,77.22,26.83,69.81,1.5,0.59
496,69.48,15.74,41.52,4.83,0.84
497,85.12,45.18,52.46,1.24,0.86
498,73.66,71.73,54.98,2.95,3.19
499,68.76,46.98,40.49,1.23,2.47
500,61.36,61.8,37.32,1.13,2.12
501,55.22,49.24,61.07,4.12,0.73
502,63.5,71.99,78.74,2.1,4.81
503,91.78,27.72,53.23,2.46,2.39
504,64.55,53.69,63.32,2.39,1.85
505,88.63,59.11,54.59,4.72,2.77
506,59.98,32.85,57.13,3.1,1.25
507,77.49,53.75,48.91,3.92,2.72
508,72.47,56.79,73.42,2.91,2.44
509,72.1,34.2,77.21,2.01,3.45
510,65.84,31.41,38.01,3.5,2.17
511,73.61,46.2,42.94,2.74,1.94
512,86.08,38.36,58.4,1.29,2.08
513,82.18,47.3,36.18,2.25,1.22
514,82.52,74.21,69.81,2.39,4.89
515,76.82,32.73,71.35,3.1,1.48
516,83.58,16.1,66.61,2.55,3.06
517,80.73,72.49,35.19,1.41,4.28
518,72.74,55.72,72.47,4.7,2.95
519,87.72,41.21,35.18,4.54,1.76
520,81.51,41.71,42.28,4.91,1.75
521,70.31,33.73,35.89,4.58,3.04
522,73.63,20.12,53.16,4.37,2.76
523,54.62,73.68,51.16,3.18,3.11
524,62.03,43.35,35.58,1.47,3.18
525,65.36,49.49,43.01,2.58,1.09
526,81.62,33.9,59.38,4.24,3.25
527,55.17,38.88,38.74,2.1,2.12
528,73.95,47.93,32.8,3.42,1.43
529,63.5,46.8,54.86,1.68,2.32
530,50.75,39.4,73.59,1.13,1.39
531,70.51,59.5,53.59,3.58,4.59
532,71.55,73.65,79.28,4.07,2.89
533,71.28,13.07,58.59,2.93,1.69
534,81.85,55.21,64.23,4.98,3.41
535,74.42,70.72,78.96,1.02,4.74
536,69.99,41.02,55.82,4.86,0.86
537,74.99,50.41,49.13,2.63,4.21
538,75.62,70.05,68.38,2.26,3.18
539,66.77,58.19,72.03,4.17,3.88
540,72.29,54.04,76.8,3.12,4.18
541,84.95,60.24,39.06,1.67,1
542,84.39,26.53,33.88,2.53,1.96
543,77.06,30.72,75.07,2.32,4.91
544,72.09,54.27,47.47,1.99,4.79
545,76.58,47.37,55.02,3.6,2.11
546,87.15,33.85,32.53,1.43,1.04
547,86.21,49.28,55.56,2.66,2.05
548,78.18,58.57,44.11,3.63,2.77
549,78.72,77.79,41.94,4.1,0.63
550,65.79,38.62,78.63,2.78,2.4
551,65.5,48.67,69.38,4.8,2.37
552,80.39,44.38,66.91,2.41,1.54
553,84.26,51.15,38.2,4.19,2.47
554,77.52,84.15,31.96,2.06,4.7
555,61.9,76.9,59.5,4.91,1.79
556,103.9,43.11,72.2,2.34,0.86
557,63.03,40.41,30.2,1.3,4.82
558,72.2,44.76,73.45,4.51,2.45
559,55.03,80.3,53.24,1.32,1.04
560,71.43,23.71,62.06,2.74,2.42
561,87.19,56.17,30.79,4.59,3.08
562,63.72,49.22,71.78,4.77,2.37
563,82.86,47.15,64.71,4.21,0.75
564,74.07,61.42,45.16,1.12,2.14
565,61.2,70.23,76.61,1.12,4.57
566,73.88,33.14,79.08,1.79,3.56
567,59.77,38.39,46.16,4.75,1.97
568,63.61,42.54,41.94,1.14,1.18
569,61.74,41.93,31.19,4.91,1.51
570,79.89,63.15,31.57,4.66,0.79
571,89.26,54.62,41.82,1.68,4.68
572,63.04,41.22,41.63,4.83,2.46
573,81.49,57.61,40.7,3.52,3.89
574,72.54,49.18,69.34,4.06,3.13
575,79.87,58.49,44.24,2.8,4.03
576,67.18,43.07,59.58,2.67,3.25
577,82.96,54.91,46.6,2.02,4.2
578,69.3,62.3,33.29,3.11,1.97
579,72.14,63.44,66.36,2.04,2.45
580,81.82,63.58,30.9,2.56,3.67
581,78.32,53.35,73.19,2.1,2.19
582,74.76,56.75,32.28,1.81,1.87
583,68.23,25.35,53.8,2.89,2
584,90.89,32.5,33.61,1.59,1.46
585,92.01,57.49,57.69,2.19,2.12
586,99.17,70.09,44.84,4.92,2.08
587,88.74,63.6,60.89,4.35,4.39
588,71.46,60.5,72.06,4.59,1.84
589,72.11,40.82,65.7,1.25,4.41
590,81.01,55.54,35.7,4.49,1.61
591,68.36,42.91,69.33,4.22,1.25
592,63.94,60.23,73.01,2.59,2.83
593,81.52,54.27,50.24,4.44,4.08
594,81.21,81.72,37.45,2.5,2.6
595,87.33,75.52,47.4,3.79,4.41
596,55.7,89.21,52.42,3.28,4.47
597,72.95,66.7,62.65,3.27,0.92
598,57.66,43.28,54.68,3.19,0.94
599,66.4,38.5,34.08,1.56,2.68
600,85.63,78.91,72.87,4.97,2.03
601,77.44,39.49,41.37,4.72,2.7
602,74.21,53.43,37.14,1.2,4
603,66.34,63.66,58.55,2.83,2.41
604,80.96,59.91,56.99,2.74,2.19
605,67.67,36.09,56.62,4.23,2.17
606,87.48,73.31,42.23,1.73,4.84
607,70.29,36.01,54.34,3.79,3.14
608,78.95,59,54.64,4.1,4.37
609,82.7,33.88,35.76,2.22,1.66
610,48.57,60.56,74.94,1.07,1.35
611,62.97,18.05,47.24,3.07,1.27
612,79.37,76.98,62.53,3.85,3.72
613,74.6,59.35,59.89,4.76,2
614,79.57,49.18,57.3,4.9,1.46
615,93.16,39.23,39.98,4.56,2.95
616,68.24,62.58,32.04,2.78,3.04
617,70.6,40.06,66.95,3.82,1.1
618,61.08,42.13,30.93,2.98,1.88
619,77.93,82.86,77.15,3.52,0.86
620,65.53,18.9,37.33,4.14,0.53
621,64.6,56.36,73.35,4.41,4.86
622,85.76,48.84,63.41,2.85,1.41
623,86.2,56.74,60.27,1.47,1.88
624,86.12,45.76,79.38,3.87,4.77
625,60.89,34.54,58.13,2.31,1.27
626,93.46,57.62,63.95,1.89,2.58
627,77.63,44.05,37.86,1.27,3.52
628,65.37,53.86,63.45,3.12,4.46
629,72.49,46.84,64.55,3.9,1.71
630,56.6,36.77,53.24,1.24,2.47
631,81.13,37.34,79.13,2.93,2.89
632,76.97,46.24,62.21,1.62,1.67
633,75.31,26.06,49.17,1.9,4.47
634,86.26,51.42,78.79,4.57,3.2
635,91.21,42.56,52.5,4.32,4.91
636,78.97,25.37,78.67,3.74,0.84
637,91.87,63.39,31.88,1.17,4.52
638,76.16,56.92,36.78,4.71,3.88
639,69.93,24.31,31.58,2.64,2.74
640,85.35,62.53,79.73,3.24,2.5
641,69.69,16.17,50.01,2.41,1.79
642,66.07,35.76,50.13,2.03,4.01
643,81.62,71.48,60.57,2.5,4.84
644,73.26,61.44,74.45,3.55,1.85
645,65.41,23.18,69.22,4.13,3.28
646,75.73,44.75,37.15,4.83,1.72
647,68.22,45.18,34.54,4.28,2.05
648,66.13,60.17,71.76,3.73,0.71
649,78.69,71.97,43.91,4.09,1.17
650,74.46,49.21,54.95,2.36,2.22
651,73.24,43.65,61.95,4.69,0.83
652,74.7,61.51,73.21,1.17,2.08
653,72.69,42.06,41.09,1.49,3.32
654,67.05,40.26,65.42,4.19,4.8
655,63.27,38.5,61.22,1.71,0.79
656,95.31,48.09,61.44,3.03,2.96
657,87.94,39.59,37.33,1.4,3.84
658,64.48,43.84,50.39,3.39,0.78
659,62.95,65.44,69.9,2.64,3.61
660,75.43,35.02,50.7,3.75,1.94
661,81.23,56.19,63.08,3.17,4.88
662,73.75,27.34,73.06,3.71,3.84
663,56.21,42.79,73.41,2.83,4.65
664,80.09,68.14,62.26,2.8,2.8
665,67.02,53.59,65.52,4.57,3.93
666,64.76,69.64,34.25,2.09,0.71
667,78.7,41.55,68.06,3.28,0.7
668,88.51,40.06,64.9,3.69,2.23
669,70.32,37.19,51.67,3.96,4.92
670,70.45,47.22,32.55,2.51,1.11
671,79.03,41.67,68.37,1.68,3.15
672,70.24,53.5,75.21,1.41,4.24
673,68.1,47.24,54.16,4.61,1.43
674,83.78,48.56,31.59,1.7,1.29
675,85.99,72.16,68.28,3.29,4.74
676,68.77,45.71,48.61,1.71,2.12
677,71.22,35.41,39.01,4.08,1.32
678,80.39,20.56,45.07,1.88,2.13
679,67.46,36.66,37.85,3.92,3.52
680,61.45,42.51,64.08,4.55,4.2
681,79.17,77.14,43.81,1.47,3.91
682,79.77,34.45,31.31,3.42,2.68
683,60.81,51.54,70.95,3.37,1.11
684,68.01,41.91,58.96,2.22,0.74
685,84.83,48.81,75.69,2,3.48
686,64.41,57,43.97,2.69,3.32
687,73.64,62.69,43.75,1.61,4.47
688,102.93,37.56,69.53,3.03,3.15
689,67.09,61.69,34.78,1.22,0.75
690,86.49,39.73,60.57,3.7,1.76
691,80.25,28.2,79.3,2.7,3.9
692,91.68,88.31,76.69,4.23,3.71
693,71.05,27.5,69.68,2.45,3.71
694,78.71,63.03,42.96,4.58,3.78
695,72.38,37.04,66.09,3.5,3.19
696,70.01,43.93,63.98,3.04,2.21
697,76.58,62,66.97,1.45,1.61
698,76,24.9,37.35,3.55,1.36
699,80.17,33.63,39.28,1.97,4.15
700,59.83,52.23,67.77,4.57,3.77
701,78.32,67.7,78.72,2.19,0.79
702,73.29,45.03,56.76,2.93,4.07
703,76.98,54.77,78.81,4.44,4.12
704,82.34,48.53,54.17,3.11,0.55
705,67.63,27.02,79.84,4.51,2.9
706,79.32,45.75,54.85,2.47,2.55
707,83.35,35.38,77.65,2.56,2.81
708,78.1,49.94,47.93,2.47,0.8
709,60.37,45.9,46.82,3.65,4.84
710,55.98,49.66,37.54,2.77,4.86
711,87.07,51.29,52.32,3.95,2.37
712,78.92,34.06,39.63,2.98,3.87
713,65.34,48.88,41.71,4.71,1.73
714,69.22,34.74,53.99,3.04,1.43
715,73.04,35.47,61.78,3.38,4.51
716,89.54,75.37,34.98,3.96,4.72
717,81.97,44.28,40.72,3.76,1.9
718,74.03,56.57,73.65,1.48,2.82
719,81.3,52.92,60.36,2.32,2.42
720,94.85,54.8,48.55,1.23,2.36
721,64.36,30.7,69.1,2.78,1.24
722,88.77,68.48,44.75,1.17,1.25
723,60.56,32.46,41.14,3.69,1.15
724,73.71,26.73,75.25,4.72,3.36
725,67.63,26.67,67.65,3.69,3.21
726,82.29,39.4,78.67,3.17,3.82
727,90.72,62.17,72.4,2.47,3.7
728,84.05,72.6,43.02,2.82,3.91
729,56.26,68.38,41.86,2.69,2.78
730,84.11,47.8,37.12,4.3,4.89
731,79.97,51.46,67.85,2.59,4.92
732,80.63,57.58,40.56,2.14,4.35
733,59.46,28.57,76.43,3.06,4.41
734,74.11,42.05,63.57,2.05,1.21
735,66.75,28.03,63.6,2.25,4.86
736,86.38,72.38,51.04,1.54,2.75
737,62.43,28.2,72.94,3.92,2.79
738,69.81,58.99,31.48,3.43,4.59
739,59.75,47.31,32.4,3.92,3.01
740,89.2,50.11,69.18,4.5,4.6
741,62.97,55.63,38.09,3.59,2.23
742,55.39,50.13,32.98,4.24,4.87
743,85.45,61.76,58.56,3.49,0.55
744,81.1,57.33,46.02,1.07,4.81
745,67.22,48.92,45.83,2.96,4.09
746,68.19,57.61,78.18,4.68,1.25
747,85.38,44.22,36.17,1.19,4.47
748,51.56,48.37,49.91,2.01,1.25
749,62.07,70.61,53.14,3.76,2.84
750,79.27,47.05,48.06,4.93,4.97
751,68.77,36.85,56.45,2.04,1.28
752,79.61,87.93,48.18,4.25,1.56
753,87.06,44.82,41.34,4.17,3.48
754,85.51,31.38,35.56,2.87,4.79
755,80.66,34.4,48.75,1.82,0.96
756,67.37,54.68,31.74,4.6,0.76
757,87.63,53.44,50.48,2.07,3.59
758,68.04,34.33,76.7,2.92,2.51
759,78.95,52.16,45.22,4.41,2.5
760,85.34,53.25,61.24,1.4,4.04
761,82.48,30.74,61.76,3.08,1.71
762,68.2,57.14,60.89,2.95,2.79
763,67.87,40.91,64.94,1.43,0.76
764,79.95,58.74,48.75,1.76,4.53
765,62.94,49.15,78.53,3.82,3.64
766,65.08,55.11,67.72,2.12,0.93
767,74.06,85.01,72.66,2.21,4.58
768,72.45,58.36,42.93,2.14,0.8
769,68.54,39.27,33.11,1.24,3.54
770,42.53,42.34,46.45,2.91,1.22
771,73.65,23.96,55.23,1.33,0.62
772,88.77,68.5,57.87,1.3,4.04
773,76.8,51.23,43.72,4.53,3.7
774,84.07,23.55,74.5,3.48,1.14
775,67.81,82.39,47.75,3.67,2.07
776,72.87,38.31,35.52,1.76,2.16
777,60.54,41.45,35.62,4.13,1.8
778,97.57,66.66,44.49,1.82,2.82
779,64.19,47.72,51.81,1.95,1.99
780,92.13,66.33,35.45,3.41,2.34
781,94.47,46.98,72.48,4.71,4.94
782,71.48,66.13,74.01,4.54,4.07
783,76.13,34.45,53.48,1.46,4.41
784,77.82,42.5,68.2,4.65,2.25
785,88.34,53.91,72.72,1.74,2.52
786,74.54,45.72,43.87,3.99,1.03
787,85.22,62.2,73.61,2.26,4.14
788,61.56,48.09,67.71,3.56,1.65
789,75.16,27.63,65.31,4.79,3.43
790,57.17,39.25,43.65,3.4,1.68
791,69.24,58.69,30.39,3.67,4.5
792,70.31,62.02,66.45,2.29,3.41
793,66.58,56.42,60.26,2.88,2.28
794,76.3,38.78,38.45,3.79,2.48
795,82.98,44.86,46.34,3.78,1.33
796,72.96,33.56,60.8,4.16,3.04
797,68.03,23.78,58.72,4.8,4.23
798,79.25,24.66,48.12,1.98,2.01
799,65.39,30.49,72.87,2.66,3.37
800,81.6,50.46,74.42,2.53,4.55
801,80.86,38.63,45.49,2.98,0.79
802,87.45,35.69,79.44,3.11,4.11
803,58.84,39.69,66.04,1.23,3.44
804,73.53,40.02,44.06,3.12,3.37
805,63.92,57.85,45.89,1.52,4.91
806,45.38,55.32,50.62,3.26,0.55
807,71.91,55.1,61.99,2.63,0.96
808,90.84,31.7,40.31,4.58,1.57
809,86.28,51.72,45.96,2.57,3.75
810,74.13,49.97,79.84,1.77,3.39
811,77.36,67.41,79.19,1.88,0.62
812,81.21,43.81,47.33,2.89,4.34
813,70.43,34.5,51.66,1.74,2.98
814,69.88,63.47,46,3.32,1.88
815,80.53,70.87,71.47,3.22,1.26
816,95.59,59,66.99,3.4,1.42
817,78.56,42.1,56.45,2.32,2.04
818,79.1,28.51,45.03,2.2,3.01
819,64.44,54.47,73.78,1.43,2.76
820,70.86,28.51,59.47,1.8,4.42
821,68.1,42.25,72.28,1.11,3.12
822,75.72,28.38,77.67,2.54,3.37
823,80.75,61,78.17,2.54,3.99
824,77.04,11.64,77.15,1.85,1.42
825,73.64,68.46,57.57,4.12,1.13
826,64.94,39.91,46.63,4.89,2.93
827,61.4,33.92,47.13,3.11,3.61
828,91.51,49.42,58.54,4.56,3.51
829,74.53,45.19,30.33,1.34,4.26
830,71.85,54.35,34.75,1.38,0.5
831,75.92,37.77,75.5,4.47,2.98
832,67,61.05,66.07,2.22,1.18
833,81.22,65.96,69.77,1.55,2.57
834,54.67,40.97,58.72,2.74,1.68
835,60.27,40.58,61.91,4.25,2.89
836,71.1,58.32,77.16,2.86,1.13
837,79.78,62.31,75.41,2.57,4.84
838,76.55,55.56,38.32,1.98,0.99
839,92.09,36.74,45.03,3.02,4.56
840,83.81,66.46,30.24,3.66,1.78
841,87.5,62.17,47.27,1.9,1.82
842,69.59,63.25,40.01,2.62,1.3
843,73.97,27.16,61.51,1.11,3.59
844,70.2,42.37,56.98,1.8,0.58
845,71.08,37.59,55.56,3.34,4.89
846,76.98,74.41,47.27,2.08,4.87
847,66.78,10.78,40.14,3.19,3.12
848,82.5,71.52,67.67,1.21,3.73
849,73.91,57.73,74.79,1.32,2.53
850,67.68,31.11,60.35,3.14,3.73
851,68.86,59.53,57.07,4.58,1.93
852,73.14,45.41,68.41,3.55,2.86
853,79.88,66.52,79.92,3.05,2.85
854,75.77,28.93,56.73,4.64,3.15
855,81.37,59.54,52.09,2.46,3.81
856,78.4,36.61,33.15,2.25,2.72
857,83.71,65.95,60.76,3.98,3.68
858,85.01,68.7,38.3,2.25,2.42
859,62.92,55,49.8,4.63,2.97
860,63.79,69.64,65.22,4.97,2.37
861,85.8,36.1,77.53,4.9,0.63
862,77.02,42.29,74.46,2.12,3.83
863,97.58,67.72,74.36,4.37,3.63
864,73.53,51.98,53.77,4.24,1.24
865,83.7,44.78,66.49,4.82,1.7
866,74.17,52.28,52.4,1.02,2.86
867,77.53,42.48,67.55,4.96,2.58
868,65.53,50.88,70.77,3.08,1.59
869,70.9,75.64,53.24,1.11,4.68
870,78.64,40.92,32.1,1.32,2.83
871,72.91,73.83,70.52,2.31,1.43
872,75.93,36.23,69.5,1.66,3.65
873,85.21,27.43,54.61,3.42,3.77
874,76.25,39,65.5,4.13,3.13
875,65.77,40.11,45.2,3.93,2.9
876,65.85,63.4,79.14,4.68,3.43
877,83.52,67.23,61.26,3.23,2.97
878,68.44,36.46,34.98,1.37,1.16
879,77.27,37.05,72.93,1.87,2.16
880,66.67,26.75,52.7,3.36,3.52
881,74.31,19.85,62.43,2.99,0.58
882,72.17,23.72,67.4,1.35,2.49
883,81.47,52.69,30.24,3.07,0.58
884,80.56,43.46,51.35,3.51,4.39
885,65.36,37.54,35.01,1.66,2.05
886,81.57,49.54,56.97,4.61,1.75
887,84.09,65.54,69.93,3.11,3.59
888,85.52,75.01,54.04,4.84,0.76
889,78.89,48.14,67.97,3.64,4.95
890,83.81,40.6,70.75,3.22,1.82
891,79.63,73.03,36.99,1.12,2.82
892,78.19,65.07,72.58,2.75,2.03
893,52.41,53.66,30.49,4.38,1
894,68.32,67.74,64.33,4.58,1.19
895,68.2,19.49,51.14,4.19,1.83
896,66.58,67.23,45.41,3.67,3.53
897,64.12,51.27,53.9,3.28,0.81
898,76.31,41.7,39,1.78,1.22
899,69.77,25.57,42.38,3.18,4.61
900,79.77,44.06,48.1,4.9,1.19
901,64.99,47.15,68.62,3.83,4.06
902,71.11,45.24,39.72,4.4,3.8
903,78.49,59.98,34.91,2.53,3.43
904,79.01,33.64,56,2.88,3.27
905,65.91,39.03,54.1,4.4,1.54
906,56.08,38.87,30.33,3.97,4.39
907,64.41,41.58,41.39,4.2,4.82
908,92.38,34.87,77.88,1.24,4.89
909,65.89,37.4,54.28,4.9,5
910,74.6,50.57,59.64,1.79,0.7
911,85.74,31.27,34.15,2.48,1.73
912,78,46.44,75,4.26,3.56
913,91.15,34.96,63.69,3.15,4.72
914,72.14,25.96,30.88,3.36,1.63
915,84.49,64.03,43.87,4.33,4.81
916,58.04,72.57,42.99,1.51,2.5
917,64.83,74.77,35.07,2.23,3.65
918,73.84,46.74,50.28,3.07,3.68
919,101.59,32.16,60.96,2.63,0.75
920,69.1,51.94,36.83,2.02,4.97
921,94.09,32.27,71.14,3.53,2.15
922,83.16,58.88,79.07,2.07,1.53
923,74.49,20.13,64.94,3.53,2.59
924,74.69,54.08,47.85,2.26,3.78
925,92.89,61.82,54.26,4.52,3.02
926,65.06,36.25,49.06,1.35,4.35
927,84.62,71.69,63.7,4.99,1.05
928,66.25,50.05,62.65,3,3.42
929,68.16,44.94,41.85,3.25,3.55
930,83.38,55.31,45.14,2.55,2.68
931,70.73,71.56,61.88,4.75,2.36
932,76.06,53.2,64.08,3.9,0.77
933,58.62,43.39,51.62,1.16,4.42
934,72.67,69.84,67.54,3.77,4.07
935,76.66,29.31,41.57,3.5,3.55
936,90.97,69.85,66.44,3.4,1.84
937,63.39,49.03,49.83,1.17,1.47
938,89.01,33.61,66.45,3.52,2.63
939,70.62,37.19,61.78,2.71,3.41
940,76.42,57.67,37.93,4.84,4.61
941,67.11,57.1,79.69,1.09,1.86
942,62.33,52.51,77.05,1.8,1.65
943,89.81,77.64,33.55,4.51,1.43
944,73.18,32.89,62.48,1.8,1.58
945,86.42,67.4,65.45,1.17,3.36
946,67.35,32.65,78.97,3.26,4.39
947,94.62,52.04,50.98,3.43,4.18
948,81.34,74.33,43.74,1.42,3.38
949,61.52,61.94,49.15,2.58,2.54
950,82.95,51.4,53.56,2.36,2.35
951,73.21,51.52,43.7,1.18,0.81
952,70.58,62.92,31.3,1.83,2.69
953,57.16,30.25,66.81,4.58,1.54
954,64.11,61.86,56.87,1.3,3.23
955,86.98,65,36.7,3.01,3.29
956,72.45,52.4,68.6,1.79,1.52
957,75.44,26.92,46.9,3.23,3.85
958,55.94,27.93,52.08,2.11,1.06
959,78.18,35.97,38.12,4.03,2.27
960,66.38,46.75,60.91,3.79,0.57
961,94.16,71.92,64.39,1.01,2.94
962,84.23,42.55,41.51,3.63,3.86
963,71.51,52.27,66.34,2.88,2.57
964,85.48,87.67,43.78,4.25,1.91
965,76.77,61.97,70.63,2.71,2.99
966,66.24,59.5,73.58,2.97,2.87
967,70.01,30.57,43.92,2.44,1.39
968,81.19,67.26,37.6,2.74,2.99
969,67.81,41.3,64.7,1.37,4.09
970,73.22,53.73,30.76,3.26,3.13
971,55.41,22.31,52.61,2.16,0.84
972,71.04,45.33,51.09,4.83,4.23
973,64.01,51.68,35.71,1.32,1.01
974,91.25,64.48,38.34,2.4,2.29
975,66.09,30.71,63.75,4.66,2.15
976,80.55,60.82,47.48,3.39,3.65
977,69.33,63.39,62,1.09,1.2
978,88.59,49.36,72.2,3.17,3.87
979,60.11,66.59,40.47,2.1,2.59
980,74.01,18.74,62.3,3.75,2.58
981,66.68,33.48,79.39,1.63,3.44
982,85.04,39.72,37.48,3.16,3.06
983,72.73,53.48,44.8,4.67,2.85
984,83.63,37.2,73.74,4.34,2.73
985,44.94,49.54,53.24,4.97,0.93
986,64.67,43.76,74.68,4.83,0.75
987,90.2,46.47,30.52,2.51,1.78
988,91.67,68.82,61.09,4.1,2.09
989,62.82,57.82,75.33,4.22,0.96
990,77.73,32.73,52.03,1.98,4.69
991,79.13,51.3,34.62,2.91,3.14
992,57.58,38.61,68.11,1.88,3.05
993,63.25,49.08,76.7,4.69,1.03
994,60.31,52.17,37.07,2.95,4.12
995,79.8,44.41,39.35,2.48,3.88
996,85.19,57.89,53.66,4.97,2.21
997,70.52,25.86,43.68,1.42,1.45
998,90.65,51.01,62.56,4.66,1.3
999,70.3,61.33,39.35,3.36,1.13
1000,81.05,20.76,68.76,2.63,1.41
